Ticker Symbol,Security,GICS Sector,GICS Sub Industry,Current Price,Price Change,Volatility,ROE,Cash Ratio,Net Cash Flow,Net Income,Earnings Per Share,Estimated Shares Outstanding,P/E Ratio,P/B Ratio
AAL,American Airlines Group,Industrials,Airlines,42.35,10.0,1.69,135.0,51.0,,7610000000.0,11.39,,3.72,-8.78
ABBV,AbbVie,Health Care,Pharmaceuticals,59.24,8.34,2.2,130.0,77.0,,5144000000.0,3.15,,18.81,-8.75
ABT,Abbott Laboratories,Health Care,Health Care Equipment,44.91,11.3,1.27,21.0,67.0,,4423000000.0,2.94,,15.28,-0.39
ADBE,Adobe Systems Inc,Information Technology,Application Software,93.94,13.98,1.36,9.0,180.0,,629551000.0,1.26,,74.56,4.2
ADI,"Analog Devices, Inc.",Information Technology,Semiconductors,55.32,-1.83,1.7,14.0,272.0,,696878000.0,0.31,,178.45,1.06
ADM,Archer-Daniels-Midland Co,Consumer Staples,Agricultural Products,36.68,-12.02,1.52,10.0,49.0,,1849000000.0,2.99,,12.27,7.5
ADS,Alliance Data Systems,Information Technology,Data Processing & Outsourced Services,276.57,6.19,1.12,30.0,25.0,,596541000.0,8.91,,31.04,129.06
AEE,Ameren Corp,Utilities,MultiUtilities,43.23,2.17,1.12,9.0,14.0,,636000000.0,2.6,,16.63,-0.72
AEP,American Electric Power,Utilities,Electric Utilities,58.27,2.37,1.07,11.0,9.0,,2052300000.0,3.13,,18.46,-3.02
AFL,AFLAC Inc,Financials,Life & Health Insurance,59.9,3.03,1.05,14.0,99.0,,2533000000.0,5.88,,10.19,-1.88
AIG,"American International Group, ",Financials,Property & Casualty Insurance,61.97,8.36,1.11,2.0,99.0,,2196000000.0,1.69,,36.67,-4.33
AIV,Apartment Investment & Mgmt,Real Estate,REITs,40.03,7.58,1.16,15.0,47.0,,248710000.0,1.52,,26.34,-1.27
AIZ,Assurant Inc,Financials,Multi-line Insurance,80.54,1.9,1.11,3.0,99.0,,141555000.0,2.08,,38.72,-4.07
AJG,Arthur J. Gallagher & Co.,Financials,Insurance Brokers,40.94,-0.61,1.05,10.0,99.0,,356800000.0,2.07,,19.78,-9.86
AKAM,Akamai Technologies Inc,Information Technology,Internet Software & Services,52.63,-23.79,1.38,10.0,225.0,,321406000.0,1.8,,29.24,4.28
ALB,Albemarle Corp,Materials,Specialty Chemicals,56.01,26.46,1.97,10.0,13.0,,334906000.0,3.01,,18.61,-13.65
ALK,Alaska Air Group Inc,Industrials,Airlines,80.51,2.07,1.77,35.0,74.0,,848000000.0,6.61,,12.18,-1.11
ALL,Allstate Corp,Financials,Property & Casualty Insurance,62.09,6.59,1.05,11.0,99.0,,2171000000.0,5.12,,12.13,-4.33
ALLE,Allegion,Industrials,Building Products,65.92,13.75,1.28,601.0,45.0,,153900000.0,1.6,,41.2,-0.88
ALXN,Alexion Pharmaceuticals,Health Care,Biotechnology,190.75,22.34,2.02,2.0,195.0,,144000000.0,0.68,,280.51,-14.17
AMAT,Applied Materials Inc,Information Technology,Semiconductor Equipment,18.67,26.83,1.46,18.0,131.0,,1377000000.0,1.13,,16.52,3.86
AME,AMETEK Inc,Industrials,Electrical Components & Equipment,53.59,2.21,1.09,18.0,37.0,,590859000.0,2.46,,21.78,-4.49
AMG,Affiliated Managers Group Inc,Financials,Asset Management & Custody Banks,159.76,-6.61,2.09,18.0,67.0,,516000000.0,9.49,,16.83,-31.02
AMGN,Amgen Inc,Health Care,Biotechnology,162.33,17.16,1.63,25.0,362.0,,6939000000.0,9.15,,17.74,24.01
AMP,Ameriprise Financial,Financials,Asset Management & Custody Banks,106.42,-2.42,1.22,22.0,67.0,,1562000000.0,8.6,,12.37,-13.4
AMT,American Tower Corp A,Real Estate,Specialized REITs,96.95,10.23,1.17,10.0,39.0,,685074000.0,1.42,,68.27,-20.81
AMZN,Amazon.com Inc,Consumer Discretionary,Internet & Direct Marketing Retail,675.89,32.27,1.46,4.0,58.0,,596000000.0,1.28,,528.04,3.9
AN,AutoNation Inc,Consumer Discretionary,Specialty Stores,59.66,2.35,1.48,19.0,1.0,,442600000.0,3.93,,15.18,-7.97
ANTM,Anthem Inc.,Health Care,Managed Health Care,139.44,-0.62,1.51,11.0,70.0,,2560000000.0,9.73,,14.33,-31.01
AON,Aon plc,Financials,Insurance Brokers,92.21,3.91,1.11,23.0,99.0,,1385000000.0,4.93,,18.7,-7.76
APA,Apache Corporation,Energy,Oil & Gas Exploration & Production,44.47,11.4,2.41,917.0,80.0,,-23528000000.0,-61.2,,93.09,4.97
APC,Anadarko Petroleum Corp,Energy,Oil & Gas Exploration & Production,48.58,-20.8,2.44,52.0,22.0,,-6692000000.0,-13.18,,93.09,-12.86
APH,Amphenol Corp,Information Technology,Electronic Components,52.23,2.69,1.01,24.0,175.0,,763500000.0,2.47,,21.15,8.2
ARNC,Arconic Inc,Industrials,Aerospace & Defense,7.4,1.65,2.59,3.0,37.0,,-322000000.0,-0.31,,18.69,2.64
ATVI,Activision Blizzard,Information Technology,Home Entertainment Software,38.71,23.32,1.89,11.0,70.0,,892000000.0,1.21,,31.99,0.29
AVB,"AvalonBay Communities, Inc.",Real Estate,Residential REITs,184.13,4.86,1.13,8.0,47.0,,741733000.0,5.54,,33.24,-3.09
AVGO,Broadcom,Information Technology,Semiconductors,145.15,17.9,1.85,29.0,163.0,,1364000000.0,2.86,,18.25,3.95
AWK,American Water Works Company I,Utilities,Water Utilities,59.75,8.6,1.17,9.0,4.0,,476000000.0,2.66,,22.46,-4.9
AXP,American Express Co,Financials,Consumer Finance,69.55,-6.22,0.9,25.0,99.0,,5163000000.0,3.9,,10.26,-0.61
BA,Boeing Company,Industrials,Aerospace & Defense,144.59,10.11,1.16,82.0,24.0,,5176000000.0,7.52,,19.23,22.03
BAC,Bank of America Corp,Financials,Banks,16.83,8.44,1.42,6.0,99.0,,15888000000.0,4.18,,13.0,-0.94
BAX,Baxter International Inc.,Health Care,Health Care Equipment,38.15,16.7,1.2,11.0,128.0,,968000000.0,1.78,,21.43,8.64
BBT,BB&T Corporation,Financials,Banks,37.81,5.94,1.08,8.0,99.0,,2084000000.0,2.59,,14.6,-0.85
BCR,Bard (C.R.) Inc.,Health Care,Health Care Equipment,189.44,1.55,1.39,9.0,82.0,,135400000.0,1.8,,105.24,-4.13
BHI,Baker Hughes Inc,Energy,Oil & Gas Equipment & Services,46.15,-12.31,2.56,12.0,84.0,,-1967000000.0,-4.49,,93.09,13.49
BIIB,BIOGEN IDEC Inc.,Health Care,Biotechnology,306.35,4.92,1.83,38.0,133.0,,3547000000.0,15.38,,19.92,0.16
BK,The Bank of New York Mellon Co,Financials,Banks,41.22,5.42,1.2,8.0,99.0,,3158000000.0,2.73,,15.1,-3.32
BLL,Ball Corp,Materials,Metal & Glass Containers,72.73,16.54,1.39,22.0,10.0,,280900000.0,2.05,,35.48,-3.9
BMY,Bristol-Myers Squibb,Health Care,Health Care Distributors,68.79,16.08,1.5,11.0,53.0,,1565000000.0,0.94,,73.18,0.59
BSX,Boston Scientific,Health Care,Health Care Equipment,18.44,11.76,1.49,4.0,13.0,,-239000000.0,-0.18,,31.47,-3.88
BWA,BorgWarner,Consumer Discretionary,Auto Parts & Equipment,43.23,3.47,2.06,17.0,25.0,,609700000.0,2.72,,15.89,1.04
BXP,Boston Properties,Real Estate,REITs,127.54,7.2,1.09,10.0,47.0,,583106000.0,3.79,,33.65,-1.27
C,Citigroup Inc.,Financials,Banks,51.75,4.71,1.26,8.0,99.0,,17242000000.0,5.41,,9.57,-1.17
CAT,Caterpillar Inc.,Industrials,Construction & Farm Machinery & Heavy Tr,67.96,3.55,1.49,17.0,25.0,,2512000000.0,3.54,,19.2,6.26
CB,Chubb Limited,Financials,Property & Casualty Insurance,116.85,13.19,0.94,10.0,99.0,,2834000000.0,8.71,,13.42,-17.47
CBG,CBRE Group,Real Estate,Real Estate Services,34.58,8.2,1.3,20.0,12.0,,547132000.0,1.64,,21.09,-3.42
CCI,Crown Castle International Cor,Real Estate,REITs,86.45,9.57,0.96,21.0,36.0,,1520992000.0,4.44,,19.47,-10.67
CCL,Carnival Corp.,Consumer Discretionary,"Hotels, Resorts & Cruise Lines",54.48,8.94,1.35,7.0,20.0,,1757000000.0,2.26,,24.11,-7.48
CELG,Celgene Corp.,Health Care,Biotechnology,119.76,8.45,2.0,27.0,333.0,,1602000000.0,2.02,,59.29,-4.32
CF,CF Industries Holdings Inc,Materials,Fertilizers & Agricultural Chemicals,40.81,-9.25,2.37,16.0,25.0,,664900000.0,2.97,,13.74,-0.39
CFG,Citizens Financial Group,Financials,Regional Banks,26.19,10.27,1.19,4.0,99.0,,840000000.0,1.55,,16.9,-0.06
CHD,Church & Dwight,Consumer Staples,Household Products,42.44,1.05,0.93,20.0,38.0,,410400000.0,3.13,,13.56,-9.43
CHK,Chesapeake Energy,Energy,Integrated Oil & Gas,4.5,-38.1,4.56,687.0,22.0,,-14685000000.0,-22.43,,28.41,-1.84
CHRW,C. H. Robinson Worldwide,Industrials,Air Freight & Logistics,62.02,-9.01,1.19,44.0,12.0,,509699000.0,3.52,,17.62,1.12
CHTR,Charter Communications,Consumer Discretionary,Cable & Satellite,183.1,3.6,1.7,589.0,0.0,,-271000000.0,-2.43,,20.82,-76.12
CI,CIGNA Corp.,Health Care,Managed Health Care,146.33,8.68,1.59,17.0,70.0,,2094000000.0,8.17,,17.91,-8.81
CINF,Cincinnati Financial,Financials,Property & Casualty Insurance,59.17,9.78,0.94,10.0,99.0,,634000000.0,3.87,,15.29,-4.33
CL,Colgate-Palmolive,Consumer Staples,Household Products,66.62,4.78,0.9,463.0,27.0,,1384000000.0,1.53,,43.54,-0.55
CMA,Comerica Inc.,Financials,Regional Banks,41.83,1.9,1.56,7.0,99.0,,521000000.0,2.93,,14.28,-0.06
CME,CME Group Inc.,Financials,Financial Exchanges & Data,90.6,-2.4,1.32,6.0,99.0,,1247000000.0,3.71,,24.42,-58.65
CMG,Chipotle Mexican Grill,Consumer Discretionary,Restaurants,479.85,-33.13,2.47,22.0,237.0,,475602000.0,15.3,,31.36,17.2
CMI,Cummins Inc.,Industrials,Industrial Machinery,88.01,-18.88,1.47,19.0,48.0,,1399000000.0,7.86,,11.2,21.44
CMS,CMS Energy,Utilities,MultiUtilities,36.08,1.95,1.04,14.0,12.0,,537000000.0,1.9,,18.99,0.06
CNC,Centene Corporation,Health Care,Managed Health Care,65.81,21.71,2.3,16.0,70.0,,355000000.0,2.99,,22.01,-1.31
CNP,CenterPoint Energy,Utilities,MultiUtilities,18.36,1.44,1.39,20.0,43.0,,-692000000.0,-1.61,,17.31,0.52
COF,Capital One Financial,Financials,Consumer Finance,72.18,-0.62,1.36,9.0,99.0,,4050000000.0,7.15,,10.1,-0.73
COG,Cabot Oil & Gas,Energy,Oil & Gas Exploration & Production,17.69,-20.1,3.06,6.0,0.0,,-113891000.0,-0.28,,93.09,-0.22
COO,The Cooper Companies,Health Care,Health Care Supplies,134.2,-9.67,1.56,8.0,3.0,,203523000.0,1.79,,33.99,0.86
CSX,CSX Corp.,Industrials,Railroads,25.95,-4.35,1.63,17.0,74.0,,1968000000.0,2.0,,12.98,0.9
CTL,CenturyLink Inc,Telecommunications Services,Integrated Telecommunications Services,25.16,0.16,1.52,6.0,3.0,,878000000.0,1.58,,15.92,-13.38
CTSH,Cognizant Technology Solutions,Information Technology,IT Consulting & Other Services,60.02,-4.65,1.34,17.0,182.0,,1623600000.0,2.67,,22.48,7.12
CTXS,Citrix Systems,Information Technology,Internet Software & Services,75.65,9.02,1.97,16.0,52.0,,319361000.0,2.01,,37.64,-1.77
CVS,CVS Health,Consumer Staples,Drug Retail,97.77,1.33,1.49,14.0,11.0,,5237000000.0,4.66,,20.98,-7.02
CVX,Chevron Corp.,Energy,Integrated Oil & Gas,89.96,12.84,1.75,3.0,43.0,,4587000000.0,2.46,,36.57,4.76
CXO,Concho Resources,Energy,Oil & Gas Exploration & Production,92.86,-2.74,2.69,1.0,38.0,,65900000.0,0.54,,171.96,5.67
D,Dominion Resources,Utilities,Electric Utilities,67.64,-3.99,0.89,15.0,8.0,,1899000000.0,3.21,,21.07,-7.6
DAL,Delta Air Lines,Industrials,Airlines,50.69,13.38,1.44,42.0,31.0,,4526000000.0,5.68,,8.92,-16.73
DD,Du Pont (E.I.),Materials,Diversified Chemicals,66.6,37.49,1.58,20.0,60.0,,1953000000.0,2.17,,30.69,3.25
DE,Deere & Co.,Industrials,Construction & Farm Machinery & Heavy Tr,76.27,3.95,1.55,29.0,22.0,,1940000000.0,4.03,,14.84,6.28
DFS,Discover Financial Services,Financials,Consumer Finance,53.62,3.65,1.16,20.0,99.0,,2297000000.0,5.14,,10.43,-0.38
DGX,Quest Diagnostics,Health Care,Health Care Facilities,71.14,15.67,1.38,15.0,11.0,,709000000.0,4.92,,14.46,-4.55
DHR,Danaher Corp.,Industrials,Industrial Conglomerates,70.42,8.92,1.19,14.0,13.0,,3357400000.0,4.81,,14.64,-13.76
DIS,The Walt Disney Company,Consumer Discretionary,Broadcasting & Cable TV,105.08,2.05,1.19,19.0,26.0,,8382000000.0,4.95,,21.23,-3.99
DISCA,Discovery Communications-A,Consumer Discretionary,Cable & Satellite,26.68,2.03,1.69,19.0,25.0,,1034000000.0,-2.43,,20.82,-76.12
DISCK,Discovery Communications-C,Consumer Discretionary,Cable & Satellite,25.22,3.57,1.81,19.0,25.0,,1034000000.0,-2.43,,20.82,-76.12
DLPH,Delphi Automotive,Consumer Discretionary,Auto Parts & Equipment,85.73,12.11,1.44,64.0,14.0,,1450000000.0,5.08,,16.88,-0.66
DLR,Digital Realty Trust,Real Estate,Specialized REITs,75.62,15.57,1.07,7.0,39.0,,296689000.0,1.56,,48.47,-7.49
DNB,Dun & Bradstreet,Industrials,Research & Consulting Services,103.93,-1.19,1.34,15.0,38.0,,168800000.0,4.68,,22.21,-11.88
DOV,Dover Corp.,Industrials,Industrial Machinery,61.31,6.98,1.51,24.0,26.0,,869829000.0,5.52,,11.11,-2.29
DPS,Dr Pepper Snapple Group,Consumer Staples,Soft Drinks,93.2,18.05,1.15,35.0,58.0,,764000000.0,4.0,,23.3,-12.72
DUK,Duke Energy,Utilities,Electric Utilities,71.39,-0.83,1.1,7.0,8.0,,2816000000.0,4.05,,17.63,-4.43
DVA,DaVita Inc.,Health Care,Health Care Facilities,69.71,-3.62,1.21,6.0,79.0,,269732000.0,1.27,,54.89,1.96
DVN,Devon Energy Corp.,Energy,Oil & Gas Exploration & Production,32.0,-15.48,2.92,205.0,70.0,,-14454000000.0,-35.55,,93.09,1.79
EBAY,eBay Inc.,Information Technology,Internet Software & Services,27.48,12.16,1.41,26.0,271.0,,1725000000.0,1.43,,19.22,4.6
ECL,Ecolab Inc.,Materials,Specialty Chemicals,114.38,3.78,1.08,15.0,2.0,,1002100000.0,3.38,,33.84,-14.93
ED,Consolidated Edison,Utilities,Electric Utilities,64.27,-3.97,1.07,9.0,20.0,,1193000000.0,4.07,,15.79,-3.02
EFX,Equifax Inc.,Industrials,Research & Consulting Services,111.37,14.53,1.08,19.0,15.0,,429100000.0,3.61,,30.85,-8.12
EIX,Edison Int'l,Utilities,Electric Utilities,59.21,-6.14,0.93,10.0,3.0,,1117000000.0,3.13,,18.92,-6.37
EMN,Eastman Chemical,Materials,Diversified Chemicals,67.51,3.65,1.4,22.0,14.0,,848000000.0,5.71,,11.82,-12.31
EOG,EOG Resources,Energy,Oil & Gas Exploration & Production,70.79,-4.08,1.94,35.0,39.0,,-4524515000.0,-8.29,,93.09,1.42
EQIX,Equinix,Real Estate,REITs,302.4,10.02,1.31,7.0,164.0,,187774000.0,3.25,,93.05,23.86
EQR,Equity Residential,Real Estate,REITs,81.59,8.04,1.06,8.0,47.0,,870120000.0,2.37,,34.43,-1.27
EQT,EQT Corporation,Energy,Oil & Gas Exploration & Production,52.13,-21.25,2.36,2.0,201.0,,85171000.0,0.56,,93.09,9.57
ES,Eversource Energy,Utilities,MultiUtilities,51.07,0.71,1.23,8.0,1.0,,878485000.0,2.77,,18.44,-1.17
ESS,"Essex Property Trust, Inc.",Real Estate,Residential REITs,239.41,6.77,1.12,4.0,47.0,,232120000.0,3.5,,68.4,-3.09
ETFC,E*Trade,Financials,Investment Banking & Brokerage,29.64,12.66,1.45,5.0,99.0,,268000000.0,0.92,,32.22,-0.6
ETN,Eaton Corporation,Industrials,Industrial Conglomerates,52.04,1.17,1.52,13.0,10.0,,1979000000.0,4.25,,12.24,-8.64
ETR,Entergy Corp.,Utilities,Electric Utilities,68.36,4.91,1.22,2.0,44.0,,-156734000.0,-0.99,,18.46,6.17
EW,Edwards Lifesciences,Health Care,Health Care Equipment,78.98,11.62,1.67,20.0,257.0,,494900000.0,2.3,,34.34,6.35
EXC,Exelon Corp.,Utilities,MultiUtilities,27.77,-6.4,1.35,9.0,74.0,,2269000000.0,2.69,,17.31,-1.72
EXPD,Expeditors Int'l,Industrials,Air Freight & Logistics,45.1,-4.45,1.06,27.0,94.0,,457223000.0,2.42,,18.64,5.99
EXPE,Expedia Inc.,Consumer Discretionary,Internet & Direct Marketing Retail,124.3,4.89,1.58,16.0,29.0,,764465000.0,5.87,,21.18,-44.1
EXR,Extra Space Storage,Real Estate,Specialized REITs,88.21,13.92,1.19,19.0,39.0,,394950000.0,1.58,,55.83,-14.15
F,Ford Motor,Consumer Discretionary,Automobile Manufacturers,14.09,2.4,1.15,26.0,43.0,,7373000000.0,1.86,,7.58,5.11
FAST,Fastenal Co,Industrials,Building Products,40.82,10.98,1.41,29.0,35.0,,516361000.0,1.77,,23.06,4.43
FB,Facebook,Information Technology,Internet Software & Services,104.66,16.22,1.32,8.0,958.0,,3669000000.0,1.31,,79.89,5.88
FBHS,Fortune Brands Home & Security,Industrials,Building Products,55.5,16.82,1.35,13.0,31.0,,315000000.0,1.97,,28.17,-2.1
FCX,Freeport-McMoran Cp & Gld,Materials,Copper,6.77,-31.69,3.8,155.0,5.0,,-12156000000.0,-11.31,,22.81,2.94
FE,FirstEnergy Corp,Utilities,Electric Utilities,31.73,1.18,1.24,5.0,2.0,,578000000.0,1.37,,23.16,-6.07
FIS,Fidelity National Information ,Information Technology,Internet Software & Services,60.6,-10.55,1.15,7.0,29.0,,650800000.0,2.22,,27.3,-19.09
FISV,Fiserv Inc,Information Technology,Internet Software & Services,91.46,5.24,0.9,27.0,18.0,,712000000.0,3.04,,30.09,-7.98
FLIR,FLIR Systems,Information Technology,Electronic Equipment & Instruments,28.07,0.21,1.76,15.0,81.0,,241686000.0,1.73,,16.23,4.01
FLR,Fluor Corp.,Industrials,Diversified Commercial Services,47.22,10.82,1.77,14.0,73.0,,412512000.0,2.85,,16.57,14.99
FLS,Flowserve Corporation,Industrials,Industrial Machinery,42.08,2.21,1.78,16.0,27.0,,267669000.0,2.01,,20.94,6.75
FMC,FMC Corporation,Materials,Diversified Chemicals,39.13,15.09,2.18,26.0,5.0,,489000000.0,3.66,,10.69,5.1
FRT,Federal Realty Investment Trus,Real Estate,Retail REITs,146.1,6.81,1.24,13.0,47.0,,210219000.0,3.04,,48.06,-3.97
FSLR,First Solar Inc,Information Technology,Semiconductors,65.99,55.05,2.08,10.0,190.0,,546421000.0,5.42,,12.18,22.56
FTR,Frontier Communications,Telecommunications Services,Integrated Telecommunications Services,4.67,-2.3,2.03,3.0,496.0,,-196000000.0,-0.29,,14.52,10.5
GD,General Dynamics,Industrials,Aerospace & Defense,137.36,-0.46,0.94,28.0,22.0,,2965000000.0,9.23,,14.88,4.24
GGP,General Growth Properties Inc.,Real Estate,Retail REITs,27.21,4.21,1.39,17.0,47.0,,1374561000.0,3.04,,47.37,-3.97
GILD,Gilead Sciences,Health Care,Biotechnology,101.19,2.69,1.49,98.0,148.0,,18108000000.0,12.37,,8.18,3.16
GLW,Corning Inc.,Information Technology,Electronic Components,18.28,6.59,1.58,7.0,163.0,,1339000000.0,1.02,,17.92,3.62
GM,General Motors,Consumer Discretionary,Automobile Manufacturers,34.01,12.28,1.34,24.0,33.0,,9687000000.0,6.11,,5.57,-4.89
GPC,Genuine Parts,Consumer Discretionary,Specialty Stores,85.89,4.03,1.18,22.0,5.0,,705672000.0,4.65,,18.47,7.21
GRMN,Garmin Ltd.,Consumer Discretionary,Consumer Electronics,37.17,3.39,1.67,14.0,121.0,,456227000.0,2.39,,15.55,5.76
GT,Goodyear Tire & Rubber,Consumer Discretionary,Tires & Rubber,32.67,10.45,1.52,8.0,30.0,,307000000.0,1.14,,28.66,3.84
GWW,Grainger (W.W.) Inc.,Industrials,Industrial Materials,202.59,-5.34,1.35,34.0,16.0,,768996000.0,11.69,,17.33,12.11
HAL,Halliburton Co.,Energy,Oil & Gas Equipment & Services,34.04,-5.1,1.97,4.0,189.0,,-671000000.0,-0.79,,93.09,17.35
HAS,Hasbro Inc.,Consumer Discretionary,Leisure Products,67.36,-7.08,1.58,27.0,92.0,,451838000.0,3.61,,18.66,12.15
HBAN,Huntington Bancshares,Financials,Banks,11.06,4.14,1.34,11.0,99.0,,692957000.0,0.82,,13.49,-0.07
HCA,HCA Holdings,Health Care,Health Care Facilities,67.63,-12.53,1.91,28.0,13.0,,2129000000.0,5.14,,13.16,-7.28
HCN,Welltower Inc.,Real Estate,REITs,68.03,0.04,1.34,6.0,47.0,,849073000.0,2.35,,28.95,-3.74
HCP,HCP Inc.,Real Estate,REITs,34.83,2.22,1.28,6.0,47.0,,-559235000.0,-1.21,,33.65,-1.27
HES,Hess Corporation,Energy,Integrated Oil & Gas,48.48,-4.59,2.4,16.0,103.0,,-3056000000.0,-10.78,,28.41,6.26
HIG,Hartford Financial Svc.Gp.,Financials,Property & Casualty Insurance,43.46,-5.01,1.15,10.0,99.0,,1682000000.0,4.05,,10.73,-4.33
HOG,Harley-Davidson,Consumer Discretionary,Motorcycle Manufacturers,45.39,-17.25,1.56,41.0,31.0,,752207000.0,3.71,,12.23,6.07
HON,Honeywell Int'l Inc.,Industrials,Industrial Conglomerates,103.57,9.32,1.1,26.0,41.0,,4768000000.0,6.11,,16.95,-3.71
HPE,Hewlett Packard Enterprise,Information Technology,"Technology Hardware, Storage & Periphera",15.2,-17.84,3.4,7.0,45.0,,2461000000.0,1.8,,25.31,3.95
HPQ,HP Inc.,Information Technology,Computer Hardware,11.84,2.16,2.37,16.0,18.0,,4554000000.0,1.8,,25.31,3.95
HRL,Hormel Foods Corp.,Consumer Staples,Packaged Foods & Meats,39.54,24.5,1.08,17.0,29.0,,686088000.0,3.28,,24.07,-1.98
HSIC,Henry Schein,Health Care,Health Care Distributors,158.19,18.32,1.01,17.0,3.0,,479058000.0,5.78,,27.37,5.93
HST,Host Hotels & Resorts,Real Estate,REITs,15.34,-3.22,1.59,8.0,47.0,,558000000.0,0.22,,69.73,-0.11
HSY,The Hershey Company,Consumer Staples,Packaged Foods & Meats,89.27,-3.26,1.19,51.0,16.0,,512951000.0,3.28,,24.07,-1.98
HUM,Humana Inc.,Health Care,Managed Health Care,178.51,-0.15,1.62,12.0,70.0,,1276000000.0,8.54,,20.9,-8.81
IBM,International Business Machine,Information Technology,IT Consulting & Other Services,137.62,-5.29,1.08,92.0,24.0,,13190000000.0,13.48,,10.21,4.85
IDXX,IDEXX Laboratories,Health Care,Health Care Equipment,72.92,-1.57,1.47,228.0,40.0,,192078000.0,2.07,,35.23,-0.98
IFF,Intl Flavors & Fragrances,Materials,Specialty Chemicals,119.64,14.96,1.15,26.0,25.0,,419247000.0,5.19,,23.05,5.05
INTC,Intel Corp.,Information Technology,Semiconductors,34.45,14.04,1.23,19.0,162.0,,11420000000.0,2.41,,14.29,3.95
IP,International Paper,Materials,Paper Packaging,37.7,-0.03,1.3,24.0,27.0,,938000000.0,2.25,,16.76,6.12
IPG,Interpublic Group,Consumer Discretionary,Advertising,23.28,21.82,1.14,23.0,20.0,,454600000.0,1.11,,20.97,0.27
IRM,Iron Mountain Incorporated,Real Estate,REITs,27.01,-13.07,1.3,24.0,15.0,,123241000.0,0.58,,46.57,-2.76
ISRG,Intuitive Surgical Inc.,Health Care,Health Care Equipment,546.16,18.73,1.13,14.0,317.0,,588800000.0,15.87,,34.41,42.61
ITW,Illinois Tool Works,Industrials,Industrial Machinery,92.68,12.78,1.14,36.0,130.0,,1899000000.0,5.16,,17.96,7.59
IVZ,Invesco Ltd.,Financials,Asset Management & Custody Banks,33.48,7.07,1.58,12.0,67.0,,968100000.0,2.26,,14.81,4.22
JBHT,J. B. Hunt Transport Services,Industrials,Trucking,73.36,2.96,1.22,33.0,1.0,,427235000.0,3.69,,19.88,2.82
JEC,Jacobs Engineering Group,Industrials,Industrial Conglomerates,41.95,11.54,1.73,7.0,23.0,,302971000.0,2.42,,17.33,6.29
JNPR,Juniper Networks,Information Technology,Networking Equipment,27.6,7.35,1.84,14.0,108.0,,633700000.0,1.62,,17.04,2.75
JPM,JPMorgan Chase & Co.,Financials,Banks,66.03,8.03,1.13,10.0,99.0,,24442000000.0,6.05,,10.91,-1.89
KIM,Kimco Realty,Real Estate,REITs,26.46,8.71,1.22,18.0,47.0,,894115000.0,2.01,,13.16,-1.27
KMB,Kimberly-Clark,Consumer Staples,Household Products,127.3,17.51,0.87,582.0,10.0,,1013000000.0,2.78,,45.79,-2.53
KMI,Kinder Morgan,Energy,Oil & Gas Refining & Marketing & Transpo,14.92,-47.13,3.14,1.0,7.0,,253000000.0,0.1,,149.2,-1.89
KO,Coca Cola Company,Consumer Staples,Soft Drinks,42.96,6.81,0.89,29.0,74.0,,7351000000.0,1.69,,25.42,-1.47
KSU,Kansas City Southern,Industrials,Railroads,74.67,-18.44,2.07,12.0,18.0,,483500000.0,4.41,,16.93,-2.01
LEG,Leggett & Platt,Industrials,Industrial Conglomerates,42.02,1.97,1.2,30.0,36.0,,329200000.0,2.31,,18.19,2.93
LEN,Lennar Corp.,Consumer Discretionary,Homebuilding,48.91,1.71,1.57,14.0,25.0,,802894000.0,3.87,,12.64,-0.31
LH,Laboratory Corp. of America Ho,Health Care,Health Care Facilities,123.64,14.17,1.6,9.0,42.0,,436900000.0,5.03,,15.9,-1.29
LKQ,LKQ Corporation,Consumer Discretionary,Distributors,29.63,4.44,1.43,14.0,12.0,,423223000.0,3.03,,20.82,-0.86
LLL,L-3 Communications Holdings,Industrials,Industrial Conglomerates,119.51,14.54,1.51,6.0,7.0,,-240000000.0,-2.97,,17.33,14.28
LLY,Lilly (Eli) & Co.,Health Care,Pharmaceuticals,84.26,0.79,1.44,17.0,54.0,,2408400000.0,2.27,,37.12,-0.65
LMT,Lockheed Martin Corp.,Industrials,Aerospace & Defense,217.15,5.25,0.9,116.0,8.0,,3605000000.0,11.62,,18.69,-10.85
LNT,Alliant Energy Corp,Utilities,Electric Utilities,31.23,6.64,1.12,10.0,0.0,,388400000.0,3.36,,9.29,-4.61
LUK,Leucadia National Corp.,Financials,Multi-Sector Holdings,17.39,-14.29,1.55,2.0,81.0,,252111000.0,0.74,,23.5,19.82
LUV,Southwest Airlines,Industrials,Airlines,43.06,13.86,1.54,30.0,41.0,,2181000000.0,3.3,,13.05,-5.12
LVLT,Level 3 Communications,Telecommunications Services,Alternative Carriers,54.36,24.71,1.46,34.0,61.0,,3433000000.0,9.71,,5.6,-2.25
LYB,LyondellBasell,Materials,Diversified Chemicals,86.9,2.57,1.61,68.0,46.0,,4476000000.0,9.62,,9.03,10.32
MA,Mastercard Inc.,Information Technology,Internet Software & Services,97.36,7.5,1.1,63.0,130.0,,3808000000.0,3.36,,28.98,3.45
MAA,Mid-America Apartments,Real Estate,Residential REITs,90.81,10.62,1.18,12.0,47.0,,350745000.0,4.41,,20.59,-3.09
MAC,Macerich,Real Estate,Retail REITs,80.69,4.18,1.17,10.0,47.0,,487562000.0,3.08,,26.2,-3.97
MAR,Marriott Int'l.,Consumer Discretionary,"Hotels, Resorts & Cruise Lines",67.04,-1.97,1.64,24.0,3.0,,859000000.0,3.22,,20.82,-12.37
MAS,Masco Corp.,Industrials,Building Products,28.3,11.64,1.43,263.0,61.0,,355000000.0,1.03,,27.48,2.22
MAT,Mattel Inc.,Consumer Discretionary,Leisure Products,27.17,30.63,1.92,14.0,54.0,,369416000.0,1.08,,25.16,4.54
MCD,McDonald's Corp.,Consumer Discretionary,Restaurants,118.14,19.94,0.73,64.0,260.0,,4529300000.0,4.82,,24.51,7.12
MCO,Moody's Corp,Financials,Diversified Financial Services,100.34,2.35,1.27,167.0,183.0,,941300000.0,4.7,,21.35,8.62
MDLZ,Mondelez International,Consumer Staples,Packaged Foods & Meats,44.84,6.08,1.32,26.0,17.0,,7267000000.0,4.49,,9.99,-12.81
MET,MetLife Inc.,Financials,Life & Health Insurance,48.21,1.37,1.14,8.0,99.0,,5310000000.0,4.61,,10.46,-1.88
MHK,Mohawk Industries,Consumer Discretionary,Home Furnishings,189.39,3.51,1.49,13.0,3.0,,615302000.0,2.59,,73.12,-3.98
MJN,Mead Johnson,Consumer Staples,Packaged Foods & Meats,78.95,12.08,1.72,103.0,136.0,,653500000.0,3.28,,24.07,6.5
MKC,McCormick & Co.,Consumer Staples,Packaged Foods & Meats,85.56,6.98,1.03,24.0,9.0,,401600000.0,3.14,,27.25,-1.98
MLM,Martin Marietta Materials,Materials,Construction Materials,136.58,-10.87,2.16,7.0,46.0,,288792000.0,4.31,,31.69,3.05
MMC,Marsh & McLennan,Financials,Insurance Brokers,55.45,6.02,1.03,25.0,99.0,,1599000000.0,3.01,,18.42,-1.95
MMM,3M Company,Industrials,Industrial Conglomerates,150.64,5.93,0.98,42.0,27.0,,4833000000.0,7.72,,19.51,2.02
MNST,Monster Beverage,Consumer Staples,Soft Drinks,49.65,10.8,1.59,11.0,568.0,,546733000.0,3.71,,25.42,-5.19
MO,Altria Group Inc,Consumer Staples,Tobacco,58.21,6.89,0.96,182.0,33.0,,5241000000.0,2.67,,21.8,-6.63
MOS,The Mosaic Company,Materials,Fertilizers & Agricultural Chemicals,27.59,-11.23,2.83,10.0,62.0,,1000400000.0,2.79,,9.89,5.85
MPC,Marathon Petroleum,Energy,Oil & Gas Refining & Marketing & Transpo,51.84,11.51,1.99,22.0,18.0,,2852000000.0,5.29,,9.8,5.8
MRK,Merck & Co.,Health Care,Pharmaceuticals,52.82,7.03,1.28,10.0,70.0,,4442000000.0,1.58,,33.43,-4.28
MRO,Marathon Oil Corp.,Energy,Oil & Gas Exploration & Production,12.59,-20.27,3.33,12.0,71.0,,-2204000000.0,-3.26,,93.09,1.27
MTB,M&T Bank Corp.,Financials,Banks,121.18,-0.36,1.38,7.0,99.0,,1079667000.0,7.22,,16.78,-0.94
MTD,Mettler Toledo,Health Care,Life Sciences Tools & Services,339.13,18.94,1.12,61.0,18.0,,352820000.0,12.75,,26.6,4.4
MUR,Murphy Oil,Energy,Integrated Oil & Gas,22.45,-8.59,2.85,43.0,27.0,,-2270833000.0,-13.03,,28.41,-1.3
MYL,Mylan N.V.,Health Care,Pharmaceuticals,54.07,33.18,2.3,9.0,30.0,,847600000.0,1.58,,33.43,-4.21
NAVI,Navient,Financials,Consumer Finance,11.45,1.87,2.23,25.0,99.0,,997000000.0,2.66,,4.3,-1.88
NBL,Noble Energy Inc,Energy,Oil & Gas Exploration & Production,32.93,7.3,2.51,24.0,57.0,,-2441000000.0,-6.07,,93.09,1.17
NDAQ,NASDAQ OMX Group,Financials,Diversified Financial Services,58.17,8.81,1.56,8.0,117.0,,428000000.0,2.56,,22.72,-11.72
NEE,NextEra Energy,Utilities,MultiUtilities,103.89,6.24,1.02,12.0,6.0,,2752000000.0,6.11,,17.0,-7.35
NEM,Newmont Mining Corp. (Hldg. Co,Materials,Gold,17.99,10.84,2.54,2.0,198.0,,220000000.0,0.43,,41.84,6.97
NFLX,Netflix Inc.,Information Technology,Internet Software & Services,114.38,11.15,2.61,6.0,65.0,,122641000.0,0.29,,394.41,-5.7
NFX,Newfield Exploration Co,Energy,Oil & Gas Exploration & Production,32.56,-3.3,2.42,244.0,1.0,,-3362000000.0,-21.18,,93.09,-0.14
NLSN,Nielsen Holdings,Industrials,Research & Consulting Services,46.6,4.93,1.2,13.0,21.0,,570000000.0,1.55,,30.06,-12.38
NOV,National Oilwell Varco Inc.,Energy,Oil & Gas Equipment & Services,33.49,-12.56,1.95,5.0,49.0,,-769000000.0,-1.99,,93.09,9.58
NSC,Norfolk Southern Corp.,Industrials,Railroads,84.59,9.53,2.17,13.0,49.0,,1556000000.0,5.13,,16.49,0.93
NTRS,Northern Trust Corp.,Financials,Asset Management & Custody Banks,72.09,5.8,1.28,11.0,67.0,,973800000.0,4.03,,17.89,-13.4
NUE,Nucor Corp.,Materials,Steel,40.3,6.59,1.46,5.0,147.0,,357659000.0,1.11,,36.31,11.17
NWL,Newell Brands,Consumer Discretionary,Housewares & Specialties,44.08,9.98,1.64,19.0,14.0,,350000000.0,1.3,,33.91,-2.08
O,Realty Income Corporation,Real Estate,Retail REITs,51.63,8.42,1.1,4.0,47.0,,283766000.0,1.09,,47.37,-3.97
OKE,ONEOK,Energy,Oil & Gas Exploration & Production,24.66,-24.12,3.56,73.0,6.0,,244977000.0,1.17,,21.08,-8.03
OMC,Omnicom Group,Consumer Discretionary,Advertising,75.66,14.81,1.07,45.0,18.0,,1093900000.0,4.43,,17.08,-10.46
ORLY,O'Reilly Automotive,Consumer Discretionary,Specialty Stores,253.42,0.96,1.09,47.0,4.0,,931216000.0,9.32,,27.19,-0.36
OXY,Occidental Petroleum,Energy,Oil & Gas Exploration & Production,67.61,0.87,1.59,32.0,64.0,,-7829000000.0,-10.23,,93.09,3.35
PBCT,People's United Financial,Financials,Thrifts & Mortgage Finance,16.15,3.13,1.13,5.0,99.0,,260100000.0,0.86,,18.78,-0.43
PBI,Pitney-Bowes,Industrials,"Technology, Hardware, Software and Suppl",20.65,3.82,1.26,228.0,34.0,,407943000.0,2.04,,10.12,-0.73
PCAR,PACCAR Inc.,Industrials,Construction & Farm Machinery & Heavy Tr,47.4,-9.32,1.44,23.0,110.0,,1604000000.0,4.52,,10.49,6.29
PCG,PG&E Corp.,Utilities,MultiUtilities,53.19,0.51,1.04,5.0,6.0,,888000000.0,1.81,,29.39,-1.12
PCLN,Priceline.com Inc,Consumer Discretionary,Internet & Direct Marketing Retail,1274.95,3.19,1.27,29.0,184.0,,2551360000.0,50.09,,25.45,-1.05
PEG,Public Serv. Enterprise Inc.,Utilities,Electric Utilities,38.69,-8.23,1.18,13.0,11.0,,1679000000.0,3.32,,11.65,-0.36
PEP,PepsiCo Inc.,Consumer Staples,Soft Drinks,99.92,6.07,0.81,45.0,68.0,,5452000000.0,3.71,,26.93,-5.19
PFE,Pfizer Inc.,Health Care,Pharmaceuticals,32.28,3.13,1.24,11.0,79.0,,6960000000.0,1.13,,28.57,-4.21
PFG,Principal Financial Group,Financials,Diversified Financial Services,44.98,-5.31,1.53,13.0,117.0,,1234000000.0,4.11,,10.94,-4.53
PG,Procter & Gamble,Consumer Staples,Personal Products,79.41,10.66,0.81,17.0,129.0,,636056000.0,3.28,,24.07,-2.26
PGR,Progressive Corp.,Financials,Property & Casualty Insurance,31.8,3.52,1.09,17.0,99.0,,1267600000.0,2.16,,14.72,-0.84
PHM,Pulte Homes Inc.,Consumer Discretionary,Homebuilding,17.82,-5.56,1.69,10.0,25.0,,494090000.0,1.38,,12.91,-0.31
PM,Philip Morris International,Consumer Staples,Tobacco,87.91,10.33,0.86,52.0,22.0,,6873000000.0,4.42,,19.89,-1.42
PNC,PNC Financial Services,Financials,Banks,95.31,6.99,1.12,9.0,99.0,,4106000000.0,7.52,,12.67,-0.69
PNR,Pentair Ltd.,Industrials,Industrial Machinery,49.53,-3.03,1.88,2.0,8.0,,-76400000.0,-0.42,,14.58,-6.57
PNW,Pinnacle West Capital,Utilities,MultiUtilities,64.48,0.5,1.14,10.0,3.0,,437257000.0,3.94,,16.37,-6.09
PPG,PPG Industries,Materials,Diversified Chemicals,98.82,19.16,1.53,28.0,31.0,,1406000000.0,5.18,,19.08,-0.59
PPL,PPL Corp.,Utilities,Electric Utilities,34.13,3.42,1.11,7.0,22.0,,682000000.0,1.01,,33.79,-2.83
PRU,Prudential Financial,Financials,Diversified Financial Services,81.41,6.59,1.23,13.0,117.0,,5642000000.0,12.37,,6.58,-4.18
PSX,Phillips 66,Energy,Oil & Gas Refining & Marketing & Transpo,81.8,5.37,1.38,18.0,41.0,,4227000000.0,7.78,,10.51,7.03
PWR,Quanta Services Inc.,Industrials,Industrial Conglomerates,20.25,-16.63,2.95,10.0,11.0,,321824000.0,1.59,,12.74,4.29
PX,Praxair Inc.,Materials,Industrial Gases,102.4,0.29,1.13,35.0,8.0,,1547000000.0,5.39,,19.0,0.57
PYPL,PayPal,Information Technology,Data Processing & Outsourced Services,36.2,17.46,1.93,9.0,25.0,,1228000000.0,1.0,,36.2,5.43
R,Ryder System,Industrials,Industrial Conglomerates,56.83,-23.24,1.95,15.0,4.0,,304768000.0,5.75,,9.88,-12.02
RCL,Royal Caribbean Cruises Ltd,Consumer Discretionary,"Hotels, Resorts & Cruise Lines",101.21,13.43,1.56,8.0,9.0,,665783000.0,3.03,,33.4,-15.73
REGN,Regeneron,Health Care,Biotechnology,542.87,17.0,1.8,17.0,129.0,,636056000.0,6.17,,87.99,20.41
RHI,Robert Half International,Industrials,Human Resource & Employment Services,47.14,-7.66,1.14,36.0,34.0,,357796000.0,2.72,,17.33,4.09
ROP,Roper Industries,Industrials,Industrial Conglomerates,189.79,20.43,1.06,13.0,108.0,,696067000.0,6.92,,27.43,-16.22
RRC,Range Resources Corp.,Energy,Oil & Gas Exploration & Production,24.61,-25.11,3.71,26.0,0.0,,-713685000.0,-4.29,,93.09,0.53
RSG,Republic Services Inc,Industrials,Industrial Conglomerates,43.99,6.75,0.84,10.0,2.0,,749900000.0,2.14,,20.56,-2.43
SCG,SCANA Corp,Utilities,MultiUtilities,60.49,7.23,1.27,14.0,9.0,,746000000.0,5.22,,11.59,-4.02
SCHW,Charles Schwab Corporation,Financials,Investment Banking & Brokerage,32.93,15.46,1.46,11.0,99.0,,1447000000.0,1.04,,31.66,-0.13
SE,Spectra Energy Corp.,Energy,Oil & Gas Refining & Marketing & Transpo,23.94,-9.9,2.03,3.0,6.0,,196000000.0,0.29,,82.55,-2.58
SEE,Sealed Air,Materials,Paper Packaging,44.6,-5.15,1.58,43.0,19.0,,225400000.0,1.63,,27.36,-2.72
SHW,Sherwin-Williams,Materials,Specialty Chemicals,259.6,16.54,1.43,121.0,10.0,,1053849000.0,11.38,,22.81,2.83
SLG,SL Green Realty,Real Estate,Office REITs,112.98,4.0,1.09,4.0,47.0,,284084000.0,1.02,,110.76,-3.09
SNI,Scripps Networks Interactive I,Consumer Discretionary,Broadcasting & Cable TV,55.21,12.24,1.77,40.0,23.0,,606828000.0,4.68,,11.8,-7.96
SO,Southern Co.,Utilities,Electric Utilities,46.79,4.37,0.9,11.0,15.0,,2421000000.0,2.6,,18.0,-2.8
SPG,Simon Property Group Inc,Real Estate,REITs,194.44,5.28,1.14,48.0,47.0,,2139375000.0,5.88,,33.07,-1.27
SPGI,"S&P Global, Inc.",Financials,Diversified Financial Services,98.58,14.04,1.08,596.0,51.0,,1156000000.0,4.26,,23.14,-4.18
SRCL,Stericycle Inc,Industrials,Industrial Conglomerates,120.6,-13.91,1.2,10.0,9.0,,267046000.0,3.02,,39.93,-18.86
SRE,Sempra Energy,Utilities,MultiUtilities,94.01,-2.79,1.13,11.0,9.0,,1350000000.0,5.43,,17.31,-8.55
STI,SunTrust Banks,Financials,Banks,42.84,11.97,1.44,8.0,99.0,,1933000000.0,3.62,,11.83,-2.48
STT,State Street Corp.,Financials,Diversified Financial Services,66.36,-0.87,1.44,9.0,117.0,,1980000000.0,4.53,,14.65,-4.04
SWKS,Skyworks Solutions,Information Technology,Semiconductors,76.83,-8.51,2.02,25.0,225.0,,798300000.0,4.21,,18.25,7.41
SWN,Southwestern Energy,Energy,Oil & Gas Exploration & Production,7.11,-44.8,4.58,200.0,2.0,,-4556000000.0,-6.07,,93.09,1.27
SYF,Synchrony Financial,Financials,Consumer Finance,30.41,-2.87,1.84,18.0,99.0,,2214000000.0,2.66,,11.43,-0.84
SYK,Stryker Corp.,Health Care,Health Care Equipment,92.94,-1.65,1.14,17.0,116.0,,1439000000.0,3.82,,24.33,7.03
T,AT&T Inc,Telecommunications Services,Integrated Telecommunications Services,34.41,5.94,0.86,11.0,11.0,,13345000000.0,2.37,,14.52,-23.54
TAP,Molson Coors Brewing Company,Consumer Staples,Brewers,93.92,13.13,1.22,5.0,35.0,,359500000.0,1.94,,48.41,-25.39
TDC,Teradata Corp.,Information Technology,Application Software,26.42,-8.83,2.73,25.0,88.0,,-214000000.0,-1.53,,74.56,4.07
TGNA,"Tegna, Inc.",Consumer Discretionary,Publishing,25.52,13.62,1.8,21.0,21.0,,459522000.0,2.04,,12.51,-12.73
TMK,Torchmark Corp.,Financials,Life & Health Insurance,57.16,1.17,1.02,13.0,99.0,,527100000.0,4.21,,13.58,-1.88
TMO,Thermo Fisher Scientific,Health Care,Health Care Equipment,141.85,15.61,1.25,9.0,11.0,,1975400000.0,4.96,,28.6,-28.03
TRIP,TripAdvisor,Consumer Discretionary,Internet & Direct Marketing Retail,85.25,34.8,1.58,14.0,212.0,,198000000.0,1.38,,61.78,2.63
TRV,The Travelers Companies Inc.,Financials,Property & Casualty Insurance,112.86,13.03,0.96,15.0,99.0,,3439000000.0,10.99,,10.27,-0.89
TSCO,Tractor Supply Company,Consumer Discretionary,Specialty Retail,85.5,1.3,1.43,29.0,10.0,,410395000.0,3.03,,28.22,6.01
TSN,Tyson Foods,Consumer Staples,Packaged Foods & Meats,53.33,23.25,1.59,13.0,19.0,,1220000000.0,3.28,,24.07,-1.98
TSO,Tesoro Petroleum Co.,Energy,Oil & Gas Refining & Marketing & Transpo,105.37,8.58,1.85,30.0,37.0,,1540000000.0,12.5,,8.43,4.59
TSS,Total System Services,Information Technology,Internet Software & Services,49.8,9.23,1.58,20.0,115.0,,369041000.0,1.98,,25.15,-2.35
TXN,Texas Instruments,Information Technology,Semiconductors,54.81,9.97,1.26,30.0,126.0,,2986000000.0,2.86,,19.16,2.77
UAA,Under Armour,Consumer Discretionary,"Apparel, Accessories & Luxury Goods",80.61,-16.95,1.76,14.0,27.0,,232573000.0,3.03,,20.82,-0.86
UAL,United Continental Holdings,Industrials,Airlines,57.3,8.22,1.75,82.0,42.0,,7340000000.0,19.52,,2.94,-23.2
UDR,UDR Inc,Real Estate,Residential REITs,37.57,8.58,1.16,12.0,47.0,,340383000.0,1.3,,28.9,-3.09
UHS,"Universal Health Services, Inc",Health Care,Health Care Facilities,119.49,-5.14,2.05,16.0,6.0,,680528000.0,6.89,,17.34,6.26
UNH,United Health Group Inc.,Health Care,Managed Health Care,117.64,1.47,1.48,17.0,70.0,,5813000000.0,6.1,,19.29,-8.81
UNM,Unum Group,Financials,Diversified Financial Services,33.29,3.8,1.1,10.0,117.0,,867100000.0,3.51,,9.48,-4.18
UNP,Union Pacific,Industrials,Railroads,78.2,-12.37,1.43,23.0,43.0,,4772000000.0,5.51,,14.19,1.07
UPS,United Parcel Service,Industrials,Air Freight & Logistics,96.23,-2.8,0.83,196.0,44.0,,4844000000.0,5.38,,17.89,1.07
UTX,United Technologies,Industrials,Industrial Conglomerates,96.07,8.07,0.95,28.0,31.0,,7608000000.0,8.72,,11.02,-13.2
VAR,Varian Medical Systems,Health Care,Health Care Equipment,80.8,9.25,1.03,24.0,61.0,,411500000.0,4.13,,19.56,9.47
VLO,Valero Energy,Energy,Oil & Gas Refining & Marketing & Transpo,70.71,17.34,1.63,19.0,56.0,,3990000000.0,8.0,,8.84,15.26
VMC,Vulcan Materials,Materials,Construction Materials,94.97,6.03,1.85,5.0,81.0,,221177000.0,1.66,,57.21,-0.27
VNO,Vornado Realty Trust,Real Estate,REITs,99.96,10.03,1.02,11.0,47.0,,760434000.0,3.61,,27.69,-1.08
VRSK,Verisk Analytics,Industrials,Research & Consulting Services,76.88,-1.45,1.45,37.0,10.0,,507577000.0,3.07,,25.04,-13.62
VRSN,Verisign Inc.,Information Technology,Internet Software & Services,87.36,23.46,1.38,35.0,127.0,,375236000.0,3.29,,26.55,4.08
VRTX,Vertex Pharmaceuticals Inc,Health Care,Biotechnology,125.83,21.93,2.46,59.0,221.0,,-556334000.0,-2.31,,39.6,2.56
VTR,Ventas Inc,Real Estate,REITs,56.43,0.21,1.44,4.0,47.0,,419222000.0,1.26,,44.79,-4.04
VZ,Verizon Communications,Telecommunications Services,Integrated Telecommunications Services,46.22,6.28,0.84,109.0,14.0,,17879000000.0,4.38,,10.55,-26.38
WAT,Waters Corporation,Health Care,Health Care Distributors,134.58,13.93,1.04,23.0,425.0,,469053000.0,5.7,,23.61,29.55
WEC,Wec Energy Group Inc,Utilities,Electric Utilities,51.31,-1.99,1.1,7.0,2.0,,640300000.0,2.36,,21.74,-1.85
WFC,Wells Fargo,Financials,Banks,54.36,5.53,0.97,12.0,99.0,,22894000000.0,4.18,,13.0,-0.94
WHR,Whirlpool Corp.,Consumer Discretionary,Household Appliances,146.87,-0.23,2.4,17.0,10.0,,783000000.0,9.95,,14.76,-45.09
WM,Waste Management Inc.,Industrials,Environmental Services,53.37,7.06,0.94,14.0,2.0,,753000000.0,1.66,,32.15,-1.42
WMB,Williams Cos.,Energy,Oil & Gas Exploration & Production,25.7,-30.99,3.72,9.0,4.0,,-571000000.0,-0.76,,93.09,-14.56
WU,Western Union Co,Information Technology,Internet Software & Services,17.91,-2.61,1.27,60.0,16.0,,837800000.0,1.63,,10.99,-8.04
WY,Weyerhaeuser Corp.,Real Estate,REITs,29.98,8.54,1.34,10.0,116.0,,506000000.0,0.89,,33.69,2.28
WYN,Wyndham Worldwide,Consumer Discretionary,"Hotels, Resorts & Cruise Lines",72.65,1.0,1.33,64.0,9.0,,612000000.0,5.18,,14.03,-10.25
WYNN,Wynn Resorts Ltd,Consumer Discretionary,Casinos & Gaming,69.19,29.5,3.79,174.0,198.0,,195290000.0,1.93,,35.85,12.7
XEC,Cimarex Energy,Energy,Oil & Gas Exploration & Production,89.38,-14.4,2.4,86.0,190.0,,-2408948000.0,-25.92,,93.09,7.19
XEL,Xcel Energy Inc,Utilities,MultiUtilities,35.91,1.38,1.02,9.0,2.0,,984485000.0,1.94,,18.51,-2.26
XL,XL Capital,Financials,Property & Casualty Insurance,39.18,7.7,0.99,10.0,99.0,,1201560000.0,4.22,,9.28,-7.76
XOM,Exxon Mobil Corp.,Energy,Integrated Oil & Gas,77.95,3.66,1.37,9.0,7.0,,16150000000.0,3.85,,20.25,-2.71
XRAY,Dentsply Sirona,Health Care,Health Care Supplies,60.85,19.9,1.01,11.0,60.0,,251200000.0,1.79,,33.99,0.86
XRX,Xerox Corp.,Information Technology,IT Consulting & Other Services,10.63,9.47,1.87,5.0,26.0,,474000000.0,0.42,,25.31,-0.3
XYL,Xylem Inc.,Industrials,Industrial Conglomerates,36.5,11.01,1.17,16.0,83.0,,340000000.0,1.88,,19.41,4.13
YHOO,Yahoo Inc.,Information Technology,Internet Software & Services,33.26,14.89,1.85,15.0,459.0,,-4359082000.0,-4.64,,28.98,6.26
YUM,Yum! Brands Inc,Consumer Discretionary,Restaurants,52.52,-8.7,1.48,142.0,27.0,,1293000000.0,2.97,,17.68,-3.84
ZBH,Zimmer Biomet Holdings,Health Care,Health Care Equipment,102.59,9.35,1.4,1.0,100.0,,147000000.0,0.78,,131.53,-23.88
ZION,Zions Bancorp,Financials,Regional Banks,27.3,-1.16,1.47,4.0,99.0,,309471000.0,1.2,,22.75,-0.06
ZTS,Zoetis,Health Care,Pharmaceuticals,47.92,16.68,1.61,32.0,65.0,,339000000.0,0.68,,70.47,1.72
